date,n_active_traders,n_trades,total_net_pnl,mean_net_pnl,median_net_pnl,mean_win_rate,total_volume_usd,avg_trade_size_usd,total_long_trades,total_short_trades,long_short_ratio,fg_value,fg_class,sentiment_binary
2023-05-01,1,3,0.0,0.0,0.0,,477.0,159.0,3,0,,63,Greed,Greed
2023-12-05,1,9,-12.501455,-12.501455,-12.501455,,50005.83,5556.203333333334,7,2,3.5,75,Extreme Greed,Greed
2023-12-14,1,11,-233.73556800000006,-233.73556800000006,-233.73556800000006,0.6666666666666666,113203.35,10291.213636363636,5,6,0.8333333333333334,72,Greed,Greed
2023-12-15,1,2,-27.284522999999997,-27.284522999999997,-27.284522999999997,0.0,10609.95,5304.975,2,0,,70,Greed,Greed
2023-12-16,1,3,-3.8371890000000004,-3.8371890000000004,-3.8371890000000004,,15348.77,5116.256666666667,3,0,,67,Greed,Greed
2023-12-17,1,14,275.91328599999997,275.91328599999997,275.91328599999997,0.6363636363636364,116278.02,8305.572857142857,3,11,0.2727272727272727,73,Greed,Greed
2023-12-18,1,2,-7.791045,-7.791045,-7.791045,,31164.179999999997,15582.089999999998,2,0,,65,Greed,Greed
2023-12-19,1,15,977.6380160000001,977.6380160000001,977.6380160000001,1.0,91602.41,6106.827333333334,5,10,0.5,73,Greed,Greed
2023-12-20,1,18,127.323095,127.323095,127.323095,1.0,141636.79,7868.710555555556,10,8,1.25,74,Greed,Greed
2023-12-21,1,49,505.902933,505.902933,505.902933,0.9629629629629629,125233.97,2555.795306122449,22,27,0.8148148148148148,70,Greed,Greed
2023-12-22,1,10,119.61410899999998,119.61410899999998,119.61410899999998,1.0,88874.28,8887.428,8,2,4.0,74,Greed,Greed
2023-12-23,1,13,127.32714899999999,127.32714899999999,127.32714899999999,1.0,78438.25,6033.711538461538,5,8,0.625,70,Greed,Greed
2023-12-24,1,39,907.881241,907.881241,907.881241,0.8823529411764706,402954.94,10332.177948717948,21,18,1.1666666666666667,71,Greed,Greed
2023-12-25,1,3,-260.068473,-260.068473,-260.068473,0.0,59948.51,19982.836666666666,2,1,2.0,73,Greed,Greed
2023-12-27,1,28,-747.7419739999999,-747.7419739999999,-747.7419739999999,0.3076923076923077,171411.06,6121.823571428571,15,13,1.1538461538461537,73,Greed,Greed
2023-12-28,1,23,-995.760176,-995.760176,-995.760176,0.0,100117.25,4352.923913043478,10,13,0.7692307692307693,73,Greed,Greed
2023-12-29,1,50,366.53224199999994,366.53224199999994,366.53224199999994,0.75,569559.72,11391.1944,31,19,1.631578947368421,65,Greed,Greed
2023-12-30,1,52,179.361122,179.361122,179.361122,0.696969696969697,702550.21,13510.58096153846,20,32,0.625,68,Greed,Greed
2024-01-01,1,18,-195.591327,-195.591327,-195.591327,0.16666666666666666,264239.52999999997,14679.973888888888,10,8,1.25,65,Greed,Greed
2024-01-02,1,17,753.64194,753.64194,753.64194,0.8888888888888888,121348.74,7138.1611764705885,9,8,1.125,71,Greed,Greed
2024-01-03,1,67,767.3906959999999,767.3906959999999,767.3906959999999,0.8,394499.36,5888.050149253731,32,35,0.9142857142857143,70,Greed,Greed
2024-01-04,1,5,-92.551772,-92.551772,-92.551772,0.0,99792.54000000001,19958.508,2,3,0.6666666666666666,68,Greed,Greed
2024-01-05,1,66,-261.844074,-261.844074,-261.844074,0.5652173913043478,1703942.66,25817.31303030303,31,35,0.8857142857142857,72,Greed,Greed
2024-01-06,1,22,60.95132200000002,60.95132200000002,60.95132200000002,0.8333333333333334,298521.4,13569.154545454547,11,11,1.0,70,Greed,Greed
2024-01-07,1,97,-1097.893699,-1097.893699,-1097.893699,0.24324324324324326,1048850.06,10812.887216494846,52,45,1.1555555555555554,71,Greed,Greed
2024-01-08,1,128,-650.4875030000001,-650.4875030000001,-650.4875030000001,0.47761194029850745,1522452.43,11894.159609375,40,88,0.45454545454545453,71,Greed,Greed
2024-01-09,1,70,-1030.362791,-1030.362791,-1030.362791,0.6428571428571429,870051.97,12429.313857142857,28,42,0.6666666666666666,76,Extreme Greed,Greed
2024-01-10,1,193,-1951.136207,-1951.136207,-1951.136207,0.4939759036144578,2057479.48,10660.515440414507,92,101,0.9108910891089109,73,Greed,Greed
2024-01-11,2,21,-239.956672,-119.978336,-119.978336,0.5555555555555556,305314.1,18353.99986842105,13,8,1.625,76,Extreme Greed,Greed
2024-01-12,1,7,-1974.9997509999998,-1974.9997509999998,-1974.9997509999998,0.0,200082.27,28583.181428571428,5,2,2.5,71,Greed,Greed
2024-01-15,2,14,140.20086799999999,70.10043399999999,70.10043399999999,1.0,50636.1,5035.616222222222,5,9,0.5555555555555556,52,Neutral,Neutral
2024-01-16,2,9,-2316.4907670000002,-1158.2453835000001,-1158.2453835000001,0.5,116427.33,14114.381666666668,4,5,0.8,64,Greed,Greed
2024-01-17,1,53,653.566505,653.566505,653.566505,0.5789473684210527,800831.03,15110.019433962265,31,22,1.4090909090909092,60,Greed,Greed
2024-01-18,1,46,-23.724711,-23.724711,-23.724711,0.3333333333333333,424631.52999999997,9231.120217391304,18,28,0.6428571428571429,63,Greed,Greed
2024-01-19,2,48,-478.47110299999997,-239.23555149999999,-239.23555149999999,0.23369565217391303,428428.97,5557.927393162393,31,17,1.8235294117647058,51,Neutral,Neutral
2024-01-20,1,106,-414.09745300000003,-414.09745300000003,-414.09745300000003,0.46875,1070090.51,10095.193490566038,60,46,1.3043478260869565,52,Neutral,Neutral
2024-01-21,1,11,240.79871600000004,240.79871600000004,240.79871600000004,0.6,103129.74,9375.43090909091,3,8,0.375,56,Greed,Greed
2024-01-22,2,85,1308.162691,654.0813455,654.0813455,0.5692307692307692,337878.99,4398.632640765765,51,34,1.5,55,Greed,Greed
2024-01-23,1,45,-454.96929999999975,-454.96929999999975,-454.96929999999975,0.55,414518.93000000005,9211.531777777778,33,12,2.75,50,Neutral,Neutral
2024-01-24,1,68,-3036.12491,-3036.12491,-3036.12491,0.25,965084.59,14192.42044117647,27,41,0.6585365853658537,48,Neutral,Neutral
2024-01-25,1,6,-3110.270917,-3110.270917,-3110.270917,0.0,66566.13,11094.355000000001,0,6,0.0,52,Neutral,Neutral
2024-01-26,2,5,89.755765,44.8778825,44.8778825,1.0,11773.21,2733.518333333333,4,1,4.0,49,Neutral,Neutral
2024-01-28,1,11,-2477.707544,-2477.707544,-2477.707544,0.0,18109.03,1646.2754545454545,0,11,0.0,54,Neutral,Neutral
2024-01-29,2,74,383.299937,191.6499685,191.6499685,1.0,414208.18,3379.293611111111,21,53,0.39622641509433965,55,Greed,Greed
2024-01-30,1,49,-273.90700100000004,-273.90700100000004,-273.90700100000004,0.2631578947368421,401011.38,8183.905714285715,28,21,1.3333333333333333,61,Greed,Greed
2024-01-31,1,859,-2349.252292,-2349.252292,-2349.252292,0.5298165137614679,6305647.13,7340.683504074505,470,389,1.2082262210796915,60,Greed,Greed
2024-02-01,1,6,-0.5020439999999999,-0.5020439999999999,-0.5020439999999999,,2008.18,334.69666666666666,6,0,,63,Greed,Greed
2024-02-02,1,42,364.853837,364.853837,364.853837,0.6190476190476191,474278.43,11292.343571428572,19,23,0.8260869565217391,63,Greed,Greed
2024-02-03,1,56,113.64683799999997,113.64683799999997,113.64683799999997,0.5,603820.0,10782.5,18,38,0.47368421052631576,60,Greed,Greed
2024-02-04,1,35,-2.902985000000008,-2.902985000000008,-2.902985000000008,0.32142857142857145,203187.53,5805.358,19,16,1.1875,60,Greed,Greed
2024-02-05,1,72,-199.00365900000003,-199.00365900000003,-199.00365900000003,0.4375,770198.26,10697.198055555556,33,39,0.8461538461538461,60,Greed,Greed
2024-02-06,1,1088,-1204.222904,-1204.222904,-1204.222904,0.3422562141491396,8047153.41,7396.280707720588,518,570,0.9087719298245615,64,Greed,Greed
2024-02-07,1,15,240.902427,240.902427,240.902427,1.0,6758.73,450.582,7,8,0.875,62,Greed,Greed
2024-02-08,1,10,767.753137,767.753137,767.753137,1.0,26051.12,2605.112,2,8,0.25,66,Greed,Greed
2024-02-11,1,34,958.487884,958.487884,958.487884,1.0,212311.82,6244.465294117647,23,11,2.090909090909091,71,Greed,Greed
2024-02-12,1,16,886.7698759999998,886.7698759999998,886.7698759999998,0.4,227247.69999999998,14202.981249999999,11,5,2.2,70,Greed,Greed
2024-02-13,1,14,559.483882,559.483882,559.483882,1.0,1999.99,142.85642857142858,0,14,0.0,79,Extreme Greed,Greed
2024-02-14,2,111,3807.682359,1903.8411795,1903.8411795,0.99375,320839.88,3472.0587796442687,34,77,0.44155844155844154,74,Greed,Greed
2024-02-15,2,63,1810.0913799999998,905.0456899999999,905.0456899999999,0.8636363636363636,185188.04,5678.168706293706,52,11,4.7272727272727275,72,Greed,Greed
2024-02-16,2,182,5464.543664000001,2732.2718320000004,2732.2718320000004,1.0,564896.51,5563.155696078431,115,67,1.7164179104477613,72,Greed,Greed
2024-02-17,2,94,1867.586747,933.7933735,933.7933735,0.8181818181818181,406118.07,4976.912505208334,50,44,1.1363636363636365,76,Extreme Greed,Greed
2024-02-18,1,97,480.7657549999999,480.7657549999999,480.7657549999999,0.8970588235294118,157048.17,1619.0532989690723,38,59,0.6440677966101694,72,Greed,Greed
2024-02-19,2,101,4302.915943,2151.4579715,2151.4579715,0.6666666666666666,286377.19999999995,5410.998429824562,41,60,0.6833333333333333,75,Extreme Greed,Greed
2024-02-20,2,39,3260.555149,1630.2775745,1630.2775745,0.9821428571428572,119419.72,1895.3506428571427,13,26,0.5,72,Greed,Greed
2024-02-21,2,22,1855.8279410000002,927.9139705000001,927.9139705000001,1.0,108047.52,7337.131428571429,7,15,0.4666666666666667,78,Extreme Greed,Greed
2024-02-22,2,88,3868.6524899999995,1934.3262449999997,1934.3262449999997,0.7407407407407407,373033.87,3389.888081395349,35,53,0.660377358490566,74,Greed,Greed
2024-02-23,1,143,1420.619999,1420.619999,1420.619999,0.9927536231884058,111106.14,776.966013986014,131,12,10.916666666666666,76,Extreme Greed,Greed
2024-02-25,1,5,-30.680899999999998,-30.680899999999998,-30.680899999999998,0.0,4480.13,896.0260000000001,2,3,0.6666666666666666,74,Greed,Greed
2024-02-26,2,39,4416.945025000001,2208.4725125000004,2208.4725125000004,1.0,192187.14,2715.3596621621623,27,12,2.25,72,Greed,Greed
2024-02-27,2,63,892.273342,446.136671,446.136671,0.7714285714285714,209362.30000000002,2040.8925454545456,33,30,1.1,79,Extreme Greed,Greed
2024-02-28,1,45,2505.124387,2505.124387,2505.124387,1.0,171107.13,3802.380666666667,31,14,2.2142857142857144,82,Extreme Greed,Greed
2024-02-29,2,116,9812.637907,4906.3189535,4906.3189535,1.0,395666.73000000004,3474.4628374836175,60,56,1.0714285714285714,80,Extreme Greed,Greed
2024-03-01,1,137,8244.788263,8244.788263,8244.788263,1.0,472974.7,3452.370072992701,37,100,0.37,80,Extreme Greed,Greed
2024-03-02,2,31,231.36972900000023,115.68486450000012,115.68486450000012,0.5,63197.56,1465.5565773809524,28,3,9.333333333333334,80,Extreme Greed,Greed
2024-03-03,1,79,8363.593348,8363.593348,8363.593348,1.0,390745.68,4946.1478481012655,36,43,0.8372093023255814,83,Extreme Greed,Greed
2024-03-04,2,300,27800.335191,13900.1675955,13900.1675955,0.9922178988326849,1577996.8699999999,2887.80190967569,161,139,1.158273381294964,82,Extreme Greed,Greed
2024-03-05,1,180,19795.464500000002,19795.464500000002,19795.464500000002,1.0,841810.32,4676.724,55,125,0.44,90,Extreme Greed,Greed
2024-03-06,1,82,6818.1804569999995,6818.1804569999995,6818.1804569999995,1.0,327218.02,3990.4636585365856,49,33,1.4848484848484849,75,Extreme Greed,Greed
2024-03-08,1,67,4275.557865000001,4275.557865000001,4275.557865000001,1.0,183583.18,2740.047462686567,19,48,0.3958333333333333,81,Extreme Greed,Greed
2024-03-09,1,117,9947.649860000001,9947.649860000001,9947.649860000001,0.9065420560747663,658178.75,5625.459401709401,83,34,2.4411764705882355,84,Extreme Greed,Greed
2024-03-10,1,42,2480.646128,2480.646128,2480.646128,0.7631578947368421,219973.85,5237.472619047619,38,4,9.5,79,Extreme Greed,Greed
2024-03-11,1,42,3579.706605,3579.706605,3579.706605,1.0,176519.44999999998,4202.844047619047,12,30,0.4,82,Extreme Greed,Greed
2024-03-12,1,8,3034.2200470000002,3034.2200470000002,3034.2200470000002,1.0,103040.85,12880.10625,1,7,0.14285714285714285,81,Extreme Greed,Greed
2024-03-13,1,7,-2.100278,-2.100278,-2.100278,,6000.799999999999,857.2571428571428,7,0,,81,Extreme Greed,Greed
2024-03-14,2,18,3454.14904,1727.07452,1727.07452,1.0,205933.18,8911.578235294117,2,16,0.125,88,Extreme Greed,Greed
2024-03-15,3,62,6187.028648,2062.342882666667,362.262404,1.0,351894.41,4806.812724937344,26,36,0.7222222222222222,83,Extreme Greed,Greed
2024-03-16,2,8,218.05156,109.02578,109.02578,1.0,37223.66,4768.638333333333,5,3,1.6666666666666667,81,Extreme Greed,Greed
2024-03-17,3,23,469.5306259999999,156.51020866666664,72.94563099999999,1.0,99506.95000000001,3558.657142857143,18,5,3.6,79,Extreme Greed,Greed
2024-03-18,3,19,1432.01442,477.33814,210.494235,1.0,90458.08,5529.415555555555,13,6,2.1666666666666665,77,Extreme Greed,Greed
2024-03-19,3,24,642.809661,214.269887,-3.173628,0.5,219884.84000000003,7782.870166666667,17,7,2.4285714285714284,79,Extreme Greed,Greed
2024-03-20,2,69,6383.255761,3191.6278805,3191.6278805,1.0,215705.85,4790.581008474576,29,40,0.725,74,Greed,Greed
2024-03-21,3,28,2319.113325,773.0377749999999,234.740955,1.0,117895.56999999999,5520.619963768117,26,2,13.0,78,Extreme Greed,Greed
2024-03-24,1,19,1288.12964,1288.12964,1288.12964,1.0,92592.20999999999,4873.274210526315,15,4,3.75,74,Greed,Greed
2024-03-25,1,7,1282.925716,1282.925716,1282.925716,1.0,57116.32,8159.4742857142855,0,7,0.0,75,Extreme Greed,Greed
2024-03-26,2,118,3187.75919,1593.879595,1593.879595,1.0,198565.19,2499.7012162162164,8,110,0.07272727272727272,81,Extreme Greed,Greed
2024-03-27,2,38,118.69318799999999,59.346593999999996,59.346593999999996,0.5,99864.79000000001,2194.093821548822,19,19,1.0,83,Extreme Greed,Greed
2024-03-28,2,13,218.79177899999996,109.39588949999998,109.39588949999998,1.0,35323.72,4101.139833333333,12,1,12.0,80,Extreme Greed,Greed
2024-03-29,1,15,852.677374,852.677374,852.677374,1.0,86914.37,5794.291333333333,9,6,1.5,79,Extreme Greed,Greed
2024-03-30,1,45,1090.6356859999999,1090.6356859999999,1090.6356859999999,1.0,101103.92,2246.753777777778,1,44,0.022727272727272728,75,Extreme Greed,Greed
2024-03-31,1,13,898.816623,898.816623,898.816623,1.0,39912.96,3070.2276923076925,0,13,0.0,75,Extreme Greed,Greed
2024-04-01,2,77,2424.212044,1212.106022,1212.106022,0.9878048780487805,339470.47,4457.414867097701,32,45,0.7111111111111111,79,Extreme Greed,Greed
2024-04-02,2,41,803.6282379999999,401.81411899999995,401.81411899999995,1.0,239664.51,4910.994628378378,10,31,0.3225806451612903,79,Extreme Greed,Greed
2024-04-03,2,4,125.12719899999999,62.563599499999995,62.563599499999995,1.0,16887.57,4221.8925,3,1,3.0,71,Greed,Greed
2024-04-04,1,32,-33.595684999999996,-33.595684999999996,-33.595684999999996,,95987.73,2999.6165625,0,32,0.0,70,Greed,Greed
2024-04-05,3,100,10603.054168,3534.3513893333334,4384.112261,1.0,503791.8,8073.9678617886175,17,83,0.20481927710843373,79,Extreme Greed,Greed
2024-04-06,1,16,212.45685699999999,212.45685699999999,212.45685699999999,1.0,68223.67,4263.979375,0,16,0.0,75,Extreme Greed,Greed
2024-04-07,1,23,-17.495845,-17.495845,-17.495845,,49988.14,2173.397391304348,0,23,0.0,78,Extreme Greed,Greed
2024-04-08,2,30,1156.6361519999998,578.3180759999999,578.3180759999999,1.0,211940.63999999998,15107.252678571427,1,29,0.034482758620689655,76,Extreme Greed,Greed
2024-04-09,1,3,-19.972341,-19.972341,-19.972341,,57063.840000000004,19021.280000000002,0,3,0.0,80,Extreme Greed,Greed
2024-04-10,1,41,5084.335852,5084.335852,5084.335852,1.0,351735.97,8578.926097560974,40,1,40.0,78,Extreme Greed,Greed
2024-04-11,1,16,363.002835,363.002835,363.002835,1.0,76400.96,4775.06,14,2,7.0,76,Extreme Greed,Greed
2024-04-12,3,129,-690.2067139999999,-230.06890466666664,-52.468165,0.4127906976744186,442088.59,3991.99318484383,43,86,0.5,79,Extreme Greed,Greed
2024-04-13,2,89,6502.452579,3251.2262895,3251.2262895,1.0,486411.25,6664.0859154929585,46,43,1.069767441860465,72,Greed,Greed
2024-04-14,2,107,-36317.489923999994,-18158.744961999997,-18158.744961999997,0.49113082039911304,659162.1699999999,5418.294720203488,46,61,0.7540983606557377,72,Greed,Greed
2024-04-15,2,41,3733.4381160000003,1866.7190580000001,1866.7190580000001,1.0,291111.19,11507.990438596493,18,23,0.782608695652174,74,Greed,Greed
2024-04-16,2,47,2449.244536,1224.622268,1224.622268,1.0,181907.16999999998,2021.801847826087,31,16,1.9375,65,Greed,Greed
2024-04-17,1,14,2430.847437,2430.847437,2430.847437,1.0,97562.99,6968.785000000001,13,1,13.0,67,Greed,Greed
2024-04-19,1,35,1828.4052020000001,1828.4052020000001,1828.4052020000001,1.0,337257.92000000004,9635.940571428573,5,30,0.16666666666666666,66,Greed,Greed
2024-04-20,2,22,-121.289047,-60.6445235,-60.6445235,,60733.240000000005,4218.23875,20,2,10.0,66,Greed,Greed
2024-04-22,1,9,-16.797764,-16.797764,-16.797764,,47993.61,5332.623333333333,0,9,0.0,73,Greed,Greed
2024-04-23,2,66,1048.2277199999999,524.1138599999999,524.1138599999999,1.0,233054.9,3467.0593055555555,37,29,1.2758620689655173,71,Greed,Greed
2024-04-24,1,20,229.739591,229.739591,229.739591,0.8571428571428571,141275.24,7063.762,13,7,1.8571428571428572,72,Greed,Greed
2024-04-25,2,74,-160.159512,-80.079756,-80.079756,,120241.01,6125.187181372548,74,0,,72,Greed,Greed
2024-04-26,1,3,-1.745898,-1.745898,-1.745898,,4988.290000000001,1662.7633333333335,0,3,0.0,70,Greed,Greed
2024-04-27,1,27,4227.495589,4227.495589,4227.495589,1.0,154264.47,5713.498888888889,0,27,0.0,67,Greed,Greed
2024-04-28,2,58,-15.394946000000001,-7.6974730000000005,-7.6974730000000005,,43985.6,1857.325025,0,58,0.0,65,Greed,Greed
2024-04-29,2,45,488.88920599999994,244.44460299999997,244.44460299999997,1.0,108699.01000000001,1835.9344239631337,24,21,1.1428571428571428,67,Greed,Greed
2024-04-30,1,24,-43.75655,-43.75655,-43.75655,,125018.75,5209.114583333333,24,0,,67,Greed,Greed
2024-05-01,1,14,-30.458908,-30.458908,-30.458908,,87025.45,6216.103571428571,14,0,,54,Neutral,Neutral
2024-05-03,3,36,5207.106364,1735.7021213333335,-1.742594,0.6666666666666666,282682.64999999997,4312.244102829537,3,33,0.09090909090909091,48,Neutral,Neutral
2024-05-04,2,9,-20.649559,-10.3247795,-10.3247795,,58998.75,5333.18,0,9,0.0,67,Greed,Greed
2024-05-05,2,6,-7.496778,-3.748389,-3.748389,1.0,24068.350000000002,3018.83125,1,5,0.2,69,Greed,Greed
2024-05-06,1,9,896.484634,896.484634,896.484634,1.0,206016.43,22890.714444444442,8,1,8.0,71,Greed,Greed
2024-05-07,3,18,845.4986319999999,281.83287733333333,223.901601,1.0,108717.58000000002,3777.749619047619,6,12,0.5,68,Greed,Greed
2024-05-08,2,13,-21.511066,-10.755533,-10.755533,0.5,65973.57,3314.9395,12,1,12.0,64,Greed,Greed
2024-05-09,2,28,1069.907724,534.953862,534.953862,1.0,221966.12,5169.068266666667,9,19,0.47368421052631576,55,Greed,Greed
2024-05-10,1,22,2046.8330050000002,2046.8330050000002,2046.8330050000002,1.0,156882.0,7131.0,16,6,2.6666666666666665,66,Greed,Greed
2024-05-11,1,9,229.467617,229.467617,229.467617,1.0,63248.95,7027.661111111111,0,9,0.0,53,Neutral,Neutral
2024-05-12,2,23,-19.312829,-9.6564145,-9.6564145,,55179.56,2641.5750769230767,17,6,2.8333333333333335,56,Greed,Greed
2024-05-13,2,28,2069.2622599999995,1034.6311299999998,1034.6311299999998,1.0,193118.9,4592.0168,5,23,0.21739130434782608,57,Greed,Greed
2024-05-14,1,23,1099.4746200000002,1099.4746200000002,1099.4746200000002,1.0,145853.4,6341.452173913043,23,0,,66,Greed,Greed
2024-05-15,1,36,866.747695,866.747695,866.747695,1.0,234922.57,6525.626944444444,11,25,0.44,64,Greed,Greed
2024-05-16,2,27,157.67248,78.83624,78.83624,1.0,162620.96000000002,3947.9468750000005,14,13,1.0769230769230769,70,Greed,Greed
2024-05-18,1,25,3478.1885690000004,3478.1885690000004,3478.1885690000004,1.0,126303.14,5052.1256,7,18,0.3888888888888889,73,Greed,Greed
2024-05-19,1,8,-10.499327000000001,-10.499327000000001,-10.499327000000001,,29998.09,3749.76125,8,0,,72,Greed,Greed
2024-05-20,2,10,-88.16210400000001,-44.08105200000001,-44.08105200000001,0.0,38124.75,3210.944047619048,7,3,2.3333333333333335,70,Greed,Greed
2024-05-21,2,125,6904.065627999999,3452.0328139999997,3452.0328139999997,0.6944444444444444,1100948.59,8845.742417452831,29,96,0.3020833333333333,76,Extreme Greed,Greed
2024-05-22,1,6,-15.748349000000001,-15.748349000000001,-15.748349000000001,,44995.29,7499.215,0,6,0.0,76,Extreme Greed,Greed
2024-05-23,3,325,299.91724999999997,99.97241666666666,-0.003549,0.9294871794871795,401850.6,1660.6934437733678,189,136,1.3897058823529411,76,Extreme Greed,Greed
2024-05-24,1,2,804.165113,804.165113,804.165113,1.0,50811.899999999994,25405.949999999997,0,2,0.0,74,Greed,Greed
2024-05-25,2,16,3.8791519999999977,1.9395759999999989,1.9395759999999989,1.0,29991.129999999997,6429.7867857142855,7,9,0.7777777777777778,76,Extreme Greed,Greed
2024-05-26,2,16,759.915709,379.9578545,379.9578545,1.0,53976.670000000006,3049.7073809523813,2,14,0.14285714285714285,75,Extreme Greed,Greed
2024-05-27,1,251,1083.523404,1083.523404,1083.523404,0.967741935483871,151115.72,602.0546613545816,93,158,0.5886075949367089,74,Greed,Greed
2024-05-29,2,164,240.91535399999995,120.45767699999998,120.45767699999998,0.9577464788732394,84268.76,3225.606389937107,67,97,0.6907216494845361,72,Greed,Greed
2024-05-30,1,7,19.958107000000002,19.958107000000002,19.958107000000002,1.0,2838.09,405.4414285714286,5,2,2.5,73,Greed,Greed
2024-05-31,1,13,24.085473999999998,24.085473999999998,24.085473999999998,1.0,3636.14,279.70307692307694,4,9,0.4444444444444444,73,Greed,Greed
2024-06-01,1,25,87.018313,87.018313,87.018313,1.0,12834.62,513.3848,9,16,0.5625,72,Greed,Greed
2024-06-02,1,93,185.114035,185.114035,185.114035,1.0,29464.51,316.822688172043,34,59,0.576271186440678,73,Greed,Greed
2024-06-03,1,70,557.430122,557.430122,557.430122,1.0,21466.86,306.66942857142857,44,26,1.6923076923076923,73,Greed,Greed
2024-06-04,1,53,44.778485,44.778485,44.778485,1.0,24243.41,457.42283018867926,25,28,0.8928571428571429,73,Greed,Greed
2024-06-05,1,54,48.951446000000004,48.951446000000004,48.951446000000004,0.9411764705882353,25350.77,469.4587037037037,17,37,0.4594594594594595,75,Extreme Greed,Greed
2024-06-06,1,234,237.09376299999997,237.09376299999997,237.09376299999997,0.9803921568627451,137557.76,587.8536752136753,102,132,0.7727272727272727,78,Extreme Greed,Greed
2024-06-07,3,440,8529.504751999999,2843.168250666666,1475.5759859999998,0.9932432432432432,1098588.76,5341.802685647685,181,259,0.6988416988416989,77,Extreme Greed,Greed
2024-06-08,2,29,95.06570200000002,47.53285100000001,47.53285100000001,1.0,97351.88,4404.230227272727,21,8,2.625,72,Greed,Greed
2024-06-09,2,17,-7.5157750000000005,-3.7578875000000003,-3.7578875000000003,,22410.219999999998,2158.7568333333334,17,0,,75,Extreme Greed,Greed
2024-06-10,2,53,16.570476999999997,8.285238499999998,8.285238499999998,1.0,46587.93,3230.523520408163,22,31,0.7096774193548387,72,Greed,Greed
2024-06-11,3,123,4190.703597999999,1396.9011993333331,44.498196,1.0,373279.92000000004,4961.957178130512,114,9,12.666666666666666,74,Greed,Greed
2024-06-12,2,254,-21950.452909999996,-10975.226454999998,-10975.226454999998,0.2692307692307692,193407.96,462.6895703076348,115,139,0.8273381294964028,72,Greed,Greed
2024-06-13,2,79,6599.357365,3299.6786825,3299.6786825,0.5,132577.22,855.7622435897435,76,3,25.333333333333332,70,Greed,Greed
2024-06-14,2,31,10219.638533,5109.8192665,5109.8192665,1.0,139868.66,4458.145,31,0,,74,Greed,Greed
2024-06-15,2,78,3118.5357970000005,1559.2678985000002,1559.2678985000002,1.0,718350.25,9368.916039473685,9,69,0.13043478260869565,74,Greed,Greed
2024-06-16,1,11,-8.832277,-8.832277,-8.832277,,25235.079999999998,2294.0981818181817,0,11,0.0,71,Greed,Greed
2024-06-17,2,38,10470.56935,5235.284675,5235.284675,0.9,368380.12,11431.901011904762,32,6,5.333333333333333,71,Greed,Greed
2024-06-18,2,25,215.41610200000002,107.70805100000001,107.70805100000001,1.0,263314.79000000004,10064.222023809525,21,4,5.25,74,Greed,Greed
2024-06-19,3,61,4748.805201,1582.9350670000001,1987.4521140000002,1.0,417071.12,7958.207635899888,3,58,0.05172413793103448,64,Greed,Greed
2024-06-20,3,39,57464.986976,19154.995658666667,-2.9699769999999996,1.0,207990.8,9667.364521604939,0,39,0.0,60,Greed,Greed
2024-06-21,2,80,712.2811049999999,356.14055249999996,356.14055249999996,1.0,176264.49,4112.947055335968,68,12,5.666666666666667,63,Greed,Greed
2024-06-22,2,24,716.3431830000001,358.17159150000003,358.17159150000003,1.0,169594.27,6609.417380952381,4,20,0.2,53,Neutral,Neutral
2024-06-23,1,5,-0.17921199999999998,-0.17921199999999998,-0.17921199999999998,,1792.12,358.424,0,5,0.0,55,Greed,Greed
2024-06-24,2,31,-103.551001,-51.7755005,-51.7755005,,403002.8,13549.946976190477,25,6,4.166666666666667,51,Neutral,Neutral
2024-06-25,1,49,4833.268454,4833.268454,4833.268454,1.0,103099.08,2104.062857142857,11,38,0.2894736842105263,30,Fear,Fear
2024-06-26,2,72,4070.177882,2035.088941,2035.088941,1.0,365190.66000000003,5886.254468922109,41,31,1.3225806451612903,46,Neutral,Neutral
2024-06-27,2,30,-45.556011999999996,-22.778005999999998,-22.778005999999998,,130486.95,5291.166388888889,12,18,0.6666666666666666,40,Fear,Fear
2024-06-29,2,75,5690.030914000001,2845.0154570000004,2845.0154570000004,1.0,280095.11,7062.0621906693705,35,40,0.875,30,Fear,Fear
2024-06-30,2,14,-17.057669,-8.5288345,-8.5288345,,30520.690000000002,5023.579242424242,5,9,0.5555555555555556,47,Neutral,Neutral
2024-07-01,2,64,4640.516283,2320.2581415,2320.2581415,1.0,362670.14999999997,6341.125829562594,6,58,0.10344827586206896,53,Neutral,Neutral
2024-07-02,1,18,2409.794386,2409.794386,2409.794386,1.0,33347.47,1852.6372222222224,13,5,2.6,51,Neutral,Neutral
2024-07-03,2,18,1055.758602,527.879301,527.879301,1.0,179600.66,9926.54025,18,0,,50,Neutral,Neutral
2024-07-04,2,25,-113.02464499999999,-56.512322499999996,-56.512322499999996,,430568.01,17087.29051948052,25,0,,44,Fear,Fear
2024-07-05,2,32,-95.13071699999999,-47.565358499999995,-47.565358499999995,,272289.89,6840.433083333333,32,0,,29,Fear,Fear
2024-07-06,1,24,-235.481982,-235.481982,-235.481982,1.0,2490.17,103.75708333333334,17,7,2.4285714285714284,26,Fear,Fear
2024-07-07,1,10,61.379067,61.379067,61.379067,1.0,498.75,49.875,0,10,0.0,29,Fear,Fear
2024-07-08,1,1,-0.0156,-0.0156,-0.0156,,497.64,497.64,1,0,,28,Fear,Fear
2024-07-09,1,15,648.586844,648.586844,648.586844,1.0,2736.45,182.42999999999998,0,15,0.0,27,Fear,Fear
2024-07-10,2,56,11736.969867,5868.4849335,5868.4849335,1.0,687900.21,8427.724266547406,10,46,0.21739130434782608,28,Fear,Fear
2024-07-11,1,19,1817.351639,1817.351639,1817.351639,1.0,169887.02,8941.422105263156,10,9,1.1111111111111112,29,Fear,Fear
2024-07-12,2,19,1380.9606250000002,690.4803125000001,690.4803125000001,1.0,89582.97,4554.572499999999,19,0,,25,Fear,Fear
2024-07-13,2,17,2864.901627,1432.4508135,1432.4508135,1.0,139189.19,5396.6286538461545,0,17,0.0,25,Fear,Fear
2024-07-14,1,7,-29.400389,-29.400389,-29.400389,,84001.13,12000.16142857143,0,7,0.0,33,Fear,Fear
2024-07-15,2,26,-69.995769,-34.9978845,-34.9978845,0.0,198344.85,7034.953571428572,2,24,0.08333333333333333,52,Neutral,Neutral
2024-07-16,1,22,-50.400180999999996,-50.400180999999996,-50.400180999999996,,144000.57,6545.480454545454,0,22,0.0,65,Greed,Greed
2024-07-17,3,351,1652.667564,550.889188,-3.4967310000000005,0.9354838709677419,626005.53,7033.261067203665,155,196,0.7908163265306123,69,Greed,Greed
2024-07-18,2,60,3576.487647,1788.2438235,1788.2438235,1.0,649704.85,6584.873301886792,60,0,,61,Greed,Greed
2024-07-19,2,23,2103.296826,1051.648413,1051.648413,1.0,150269.42,4862.528660714286,1,22,0.045454545454545456,60,Greed,Greed
2024-07-20,2,266,2218.4111479999997,1109.2055739999998,1109.2055739999998,0.953125,244362.21000000002,5829.96499135322,41,225,0.18222222222222223,74,Greed,Greed
2024-07-21,2,448,-3025.440227,-1512.7201135,-1512.7201135,0.08898305084745763,234307.46,7546.36402247191,239,209,1.1435406698564594,74,Greed,Greed
2024-07-22,2,154,1419.66034,709.83017,709.83017,0.5483870967741935,304213.8,5661.121954887218,103,51,2.019607843137255,70,Greed,Greed
2024-07-23,3,370,89831.05907999999,29943.686359999996,1779.019459,0.8703703703703703,358526.54000000004,4569.890585854461,137,233,0.5879828326180258,71,Greed,Greed
2024-07-24,5,90,570.4942,114.09884,0.0,1.0,69207.93,543.9847655172414,54,36,1.5,69,Greed,Greed
2024-07-25,3,78,692.5523440000001,230.85078133333334,0.0,1.0,528555.31,2918.634158119658,77,1,77.0,68,Greed,Greed
2024-07-26,4,152,2559.9460979999994,639.9865244999999,148.18246900000003,1.0,548587.65,6183.470981981982,43,109,0.3944954128440367,68,Greed,Greed
2024-07-27,2,57,6083.8037620000005,3041.9018810000002,3041.9018810000002,1.0,905199.75,9105.400903846154,9,48,0.1875,72,Greed,Greed
2024-07-28,2,16,572.159908,286.079954,286.079954,1.0,43254.68,5766.165897435898,15,1,15.0,71,Greed,Greed
2024-07-29,2,39,216.28476999999998,108.14238499999999,108.14238499999999,1.0,327199.13999999996,7153.621125,18,21,0.8571428571428571,74,Greed,Greed
2024-07-30,1,6,-12.602264,-12.602264,-12.602264,,36006.47,6001.078333333334,6,0,,67,Greed,Greed
2024-07-31,2,43,736.113617,368.0568085,368.0568085,1.0,84506.54000000001,7223.7908333333335,17,26,0.6538461538461539,61,Greed,Greed
2024-08-01,4,57,58.984981,14.74624525,-20.323393499999998,0.5714285714285714,227774.53,4101.525502136752,47,10,4.7,52,Neutral,Neutral
2024-08-02,3,63,636.8477290000001,212.28257633333337,217.82923,1.0,396320.37,5362.653166666667,42,21,2.0,57,Greed,Greed
2024-08-03,5,37,355.53659400000004,71.1073188,-15.721086,1.0,290532.86,5327.469375,36,1,36.0,37,Fear,Fear
2024-08-04,5,127,-123117.90311800002,-24623.580623600003,-69.208735,0.3333333333333333,1207744.07,6629.23107701525,60,67,0.8955223880597015,34,Fear,Fear
2024-08-05,4,80,-13216.384327,-3304.09608175,-2445.3170189999996,0.632183908045977,420495.4,7078.875889037433,41,39,1.0512820512820513,26,Fear,Fear
2024-08-06,2,107,204.696769,102.3483845,102.3483845,0.6904761904761905,61478.38,393.69890277777773,76,31,2.4516129032258065,17,Extreme Fear,Fear
2024-08-07,3,33,185.03705119999998,61.67901706666666,0.0,1.0,2492.77,198.29851370851372,12,21,0.5714285714285714,29,Fear,Fear
2024-08-08,2,9,-47.360212,-23.680106,-23.680106,0.0,16299.35,1641.4170000000001,5,4,1.25,20,Extreme Fear,Fear
2024-08-09,5,144,17896.81689532,3579.363379064,135.749662,0.8309438470728793,503204.86,3467.153811594203,54,90,0.6,48,Neutral,Neutral
2024-08-10,2,88,-50.0831879,-25.04159395,-25.04159395,,11339.29,65.50442528735633,87,1,87.0,40,Fear,Fear
2024-08-11,2,24,806.8453330000001,403.42266650000005,403.42266650000005,1.0,44230.21000000001,2658.4393750000004,16,8,2.0,39,Fear,Fear
2024-08-12,3,48,822.5986050000001,274.199535,0.0,1.0,54167.32,1027.6047849462366,39,9,4.333333333333333,25,Fear,Fear
2024-08-13,3,23,194.148143,64.71604766666667,0.0,1.0,20797.870000000003,996.251568627451,20,3,6.666666666666667,31,Fear,Fear
2024-08-14,3,25,2122.408407,707.469469,0.0,1.0,66710.03,2440.629851851852,19,6,3.1666666666666665,30,Fear,Fear
2024-08-15,1,12,-16.50261,-16.50261,-16.50261,,1522.3700000000001,126.86416666666668,12,0,,29,Fear,Fear
2024-08-16,2,35,744.042602,372.021301,372.021301,1.0,166382.84,5456.588712121213,32,3,10.666666666666666,27,Fear,Fear
2024-08-17,2,30,-305.379652,-152.689826,-152.689826,0.0,30248.96,623.7337931034483,29,1,29.0,25,Fear,Fear
2024-08-18,2,15,285.220331,142.6101655,142.6101655,1.0,62804.48,2243.0217857142857,0,15,0.0,31,Fear,Fear
2024-08-19,1,8,304.589325,304.589325,304.589325,1.0,100315.03,12539.37875,3,5,0.6,28,Fear,Fear
2024-08-20,2,12,175.13267,87.566335,87.566335,1.0,49914.8,3588.233125,5,7,0.7142857142857143,30,Fear,Fear
2024-08-21,2,145,619.454342,309.727171,309.727171,1.0,104990.41,860.1753496503497,56,89,0.6292134831460674,26,Fear,Fear
2024-08-23,1,10,983.076928,983.076928,983.076928,1.0,63509.56,6350.956,0,10,0.0,34,Fear,Fear
2024-08-24,2,7,-12.249882,-6.124941,-6.124941,,34999.67,5749.9775,0,7,0.0,56,Greed,Greed
2024-08-25,2,17,-26.303603,-13.1518015,-13.1518015,,21950.28,2142.0008653846153,8,9,0.8888888888888888,54,Neutral,Neutral
2024-08-26,2,6,198.93398599999998,99.46699299999999,99.46699299999999,1.0,92611.27,9400.227,6,0,,55,Greed,Greed
2024-08-27,2,50,-52.053551999999996,-26.026775999999998,-26.026775999999998,,70250.16,4704.215880398671,49,1,49.0,48,Neutral,Neutral
2024-08-28,2,9,1308.453619,654.2268095,654.2268095,1.0,71160.07,9308.846071428572,9,0,,30,Fear,Fear
2024-08-29,1,1,-3.498547,-3.498547,-3.498547,,9995.85,9995.85,0,1,0.0,29,Fear,Fear
2024-08-30,4,6,243.432824,60.858206,0.0,1.0,37233.240000000005,4726.218333333333,4,2,2.0,34,Fear,Fear
2024-08-31,3,34,-29.072513999999998,-9.690838,0.0,0.9230769230769231,107507.43,3808.283472222222,11,23,0.4782608695652174,29,Fear,Fear
2024-09-01,1,12,133.107232,133.107232,133.107232,1.0,12359.68,1029.9733333333334,7,5,1.4,26,Fear,Fear
2024-09-02,1,2,-10.500148,-10.500148,-10.500148,,30000.42,15000.21,2,0,,26,Fear,Fear
2024-09-04,2,34,1002.2149049999999,501.10745249999997,501.10745249999997,0.625,131480.97,18964.247424242425,31,3,10.333333333333334,27,Fear,Fear
2024-09-05,1,1,0.0,0.0,0.0,,0.84,0.84,0,1,0.0,29,Fear,Fear
2024-09-06,2,42,-1118.523241,-559.2616205,-559.2616205,0.0,39047.1,4427.207828947368,4,38,0.10526315789473684,22,Extreme Fear,Fear
2024-09-08,1,1,0.0,0.0,0.0,,0.11,0.11,0,1,0.0,29,Fear,Fear
2024-09-09,1,2,-34.9079,-34.9079,-34.9079,,4014.4300000000003,2007.2150000000001,2,0,,26,Fear,Fear
2024-09-10,2,3,-227.020059,-113.5100295,-113.5100295,0.0,2547.2799999999997,828.505,1,2,0.5,33,Fear,Fear
2024-09-11,1,1,0.0,0.0,0.0,,0.54,0.54,0,1,0.0,37,Fear,Fear
2024-09-14,2,11,-30.381330000000002,-15.190665000000001,-15.190665000000001,,1014.8000000000001,51.032500000000006,10,1,10.0,50,Neutral,Neutral
2024-09-18,1,145,-910.417737,-910.417737,-910.417737,0.0,13633.5,94.02413793103449,11,134,0.08208955223880597,45,Neutral,Neutral
2024-09-19,1,19,-28.60766,-28.60766,-28.60766,,1521.8700000000001,80.09842105263158,19,0,,49,Neutral,Neutral
2024-09-20,2,16,9475.717249,4737.8586245,4737.8586245,0.8888888888888888,332873.38,16228.205,3,13,0.23076923076923078,54,Neutral,Neutral
2024-09-21,1,23,36107.592488999995,36107.592488999995,36107.592488999995,1.0,165648.12,7202.092173913044,0,23,0.0,54,Neutral,Neutral
2024-09-22,1,3,-6.999907,-6.999907,-6.999907,,19999.739999999998,6666.579999999999,3,0,,52,Neutral,Neutral
2024-09-23,1,2,320.643794,320.643794,320.643794,1.0,40334.29,20167.145,1,1,1.0,50,Neutral,Neutral
2024-09-24,2,10,-12.966142,-6.483071,-6.483071,,7118.63,3112.6216666666664,9,1,9.0,54,Neutral,Neutral
2024-09-25,2,9,-17.764677,-8.8823385,-8.8823385,,52754.13,4625.595833333334,6,3,2.0,59,Greed,Greed
2024-09-26,2,8,408.46430900000007,204.23215450000004,204.23215450000004,1.0,113711.93,16733.887666666666,0,8,0.0,50,Neutral,Neutral
2024-09-27,2,56,-37.503311,-18.7516555,-18.7516555,,126097.04,5283.362956521739,0,56,0.0,61,Greed,Greed
2024-09-28,1,4,-2.8031200000000003,-2.8031200000000003,-2.8031200000000003,,29199.21,7299.8025,0,4,0.0,64,Greed,Greed
2024-09-30,2,106,2644.988712,1322.494356,1322.494356,1.0,214669.84999999998,9058.779114583333,10,96,0.10416666666666667,61,Greed,Greed
2024-10-01,1,4,-48.98401,-48.98401,-48.98401,,139954.32,34988.58,4,0,,50,Neutral,Neutral
2024-10-02,1,4,-34.984016999999994,-34.984016999999994,-34.984016999999994,,99954.34,24988.585,4,0,,42,Fear,Fear
2024-10-03,2,9,53.848291,26.9241455,26.9241455,1.0,132935.69,16293.794,6,3,2.0,37,Fear,Fear
2024-10-04,1,1,0.0,0.0,0.0,,0.34,0.34,0,1,0.0,41,Fear,Fear
2024-10-05,2,37,5555.200121,2777.6000605,2777.6000605,1.0,605605.74,8411.48736111111,9,28,0.32142857142857145,49,Neutral,Neutral
2024-10-06,1,22,25.441385999999994,25.441385999999994,25.441385999999994,1.0,300130.56,13642.298181818182,6,16,0.375,50,Neutral,Neutral
2024-10-07,1,21,-76.994616,-76.994616,-76.994616,,219984.65,10475.459523809524,0,21,0.0,50,Neutral,Neutral
2024-10-08,2,36,5244.442418,2622.221209,2622.221209,1.0,434584.13,6208.626428571429,34,2,17.0,49,Neutral,Neutral
2024-10-09,1,14,318.922753,318.922753,318.922753,1.0,220399.93,15742.852142857142,11,3,3.6666666666666665,49,Neutral,Neutral
2024-10-10,1,16,-105.00851,-105.00851,-105.00851,,300024.33999999997,18751.521249999998,16,0,,39,Fear,Fear
2024-10-11,2,26,8714.211283,4357.1056415,4357.1056415,1.0,488904.18999999994,9778.4342,0,26,0.0,32,Fear,Fear
2024-10-12,1,10,485.655025,485.655025,485.655025,1.0,159713.4,15971.34,7,3,2.3333333333333335,49,Neutral,Neutral
2024-10-13,1,10,-21.000841,-21.000841,-21.000841,,60002.42,6000.242,10,0,,50,Neutral,Neutral
2024-10-14,1,5,1891.9489760000001,1891.9489760000001,1891.9489760000001,1.0,61916.020000000004,12383.204000000002,0,5,0.0,48,Neutral,Neutral
2024-10-15,1,7,1141.815403,1141.815403,1141.815403,1.0,81173.36,11596.194285714286,3,4,0.75,65,Greed,Greed
2024-10-16,1,11,191.400672,191.400672,191.400672,1.0,80229.17,7293.560909090909,8,3,2.6666666666666665,73,Greed,Greed
2024-10-17,2,9,-13.071146999999998,-6.535573499999999,-6.535573499999999,0.5,140531.75,9001.861875,7,2,3.5,71,Greed,Greed
2024-10-18,1,6,291.103143,291.103143,291.103143,1.0,120331.43000000001,20055.238333333335,1,5,0.2,73,Greed,Greed
2024-10-19,1,4,-34.998901000000004,-34.998901000000004,-34.998901000000004,,99996.86,24999.215,4,0,,72,Greed,Greed
2024-10-20,2,96,329.898338,164.949169,164.949169,1.0,176447.86000000002,10331.154444444446,7,89,0.07865168539325842,73,Greed,Greed
2024-10-21,2,173,2355.0575209999997,1177.5287604999999,1177.5287604999999,1.0,324117.99,7356.607483164983,79,94,0.8404255319148937,72,Greed,Greed
2024-10-22,1,3,-21.000124,-21.000124,-21.000124,,60000.36,20000.12,3,0,,70,Greed,Greed
2024-10-23,1,18,-119.992052,-119.992052,-119.992052,0.0,210006.07,11667.003888888888,15,3,5.0,71,Greed,Greed
2024-10-25,2,30,13092.020156999999,6546.0100784999995,6546.0100784999995,1.0,427883.18,10421.3436,14,16,0.875,72,Greed,Greed
2024-10-27,1,4,634.929768,634.929768,634.929768,1.0,90664.41,22666.1025,0,4,0.0,74,Greed,Greed
2024-10-28,2,13,125.006822,62.503411,62.503411,1.0,121495.25,6853.967361111111,0,13,0.0,72,Greed,Greed
2024-10-29,2,53,586.527162,293.263581,293.263581,1.0,613267.81,8477.057136824325,3,50,0.06,72,Greed,Greed
2024-10-30,1,25,5.5530349999999995,5.5530349999999995,5.5530349999999995,0.875,11830.85,473.23400000000004,8,17,0.47058823529411764,77,Extreme Greed,Greed
2024-10-31,3,48,901.332883,300.44429433333335,447.668121,0.6666666666666666,896173.36,11652.91361952862,42,6,7.0,77,Extreme Greed,Greed
2024-11-01,2,23,949.8208609999998,474.9104304999999,474.9104304999999,0.75,260981.03,13904.701468253968,13,10,1.3,75,Extreme Greed,Greed
2024-11-02,1,2,-13.999997,-13.999997,-13.999997,,40000.0,20000.0,2,0,,72,Greed,Greed
2024-11-03,2,6,-40.404151999999996,-20.202075999999998,-20.202075999999998,,129055.66,18514.622499999998,6,0,,74,Greed,Greed
2024-11-04,2,36,2641.2762940000002,1320.6381470000001,1320.6381470000001,1.0,451811.97000000003,9291.809576923079,13,23,0.5652173913043478,70,Greed,Greed
2024-11-05,1,10,608.2564040000001,608.2564040000001,608.2564040000001,1.0,200627.23,20062.723,5,5,1.0,70,Greed,Greed
2024-11-06,2,15,2774.46982,1387.23491,1387.23491,0.5,123906.90000000001,5412.8525,6,9,0.6666666666666666,70,Greed,Greed
2024-11-07,3,113,4467.17469362,1489.0582312066665,607.742363,1.0,111335.3,10817.508925438597,53,60,0.8833333333333333,77,Extreme Greed,Greed
2024-11-08,2,39,-158.29179799999997,-79.14589899999999,-79.14589899999999,0.5,270700.44,6015.327625,23,16,1.4375,75,Extreme Greed,Greed
2024-11-09,2,86,36.724437,18.3622185,18.3622185,0.4318181818181818,193384.41,8615.070396825398,53,33,1.606060606060606,75,Extreme Greed,Greed
2024-11-10,3,173,848.800788,282.933596,364.609954,1.0,413636.7,11255.515579268293,48,125,0.384,78,Extreme Greed,Greed
2024-11-11,4,373,6352.720446,1588.1801115,876.5892325,0.9839357429718875,1570572.42,6531.381413891079,94,279,0.33691756272401435,76,Extreme Greed,Greed
2024-11-12,4,171,3066.494541,766.62363525,694.3938355,0.8666666666666667,1226354.52,5625.0670173745175,98,73,1.3424657534246576,80,Extreme Greed,Greed
2024-11-13,5,48,7667.2182060000005,1533.4436412,45.684849,0.8214285714285714,515336.37000000005,4761.854259999999,16,32,0.5,84,Extreme Greed,Greed
2024-11-14,2,110,4228.480423,2114.2402115,2114.2402115,1.0,1008361.81,11673.894225874868,82,28,2.9285714285714284,88,Extreme Greed,Greed
2024-11-15,4,149,3674.3129249999997,918.5782312499999,774.527963,1.0,1427858.4200000002,4932.664012754124,91,58,1.5689655172413792,80,Extreme Greed,Greed
2024-11-16,4,157,2669.350606,667.3376515,522.9289575,0.9038461538461539,303296.06999999995,5165.855126710655,77,80,0.9625,86,Extreme Greed,Greed
2024-11-17,4,209,611.8635959999999,152.96589899999998,159.6211645,0.8242424242424242,1215987.57,8292.807601929031,73,136,0.5367647058823529,90,Extreme Greed,Greed
2024-11-18,7,346,4025.7108479999997,575.1015497142856,109.94447899999999,0.7867383512544803,2084339.58,7569.112206122768,125,221,0.5656108597285068,83,Extreme Greed,Greed
2024-11-19,5,305,2756.782058,551.3564116,233.95735499999998,0.9506302521008403,628031.15,3925.918239134809,160,145,1.103448275862069,90,Extreme Greed,Greed
2024-11-20,5,550,3566.035528,713.2071056,425.214676,0.7213577981651376,1999514.1199999999,8617.910898020928,244,306,0.7973856209150327,83,Extreme Greed,Greed
2024-11-21,5,535,1493.8026240000002,298.76052480000004,2.764036,0.7326241134751773,598300.62,4325.083225052031,235,300,0.7833333333333333,82,Extreme Greed,Greed
2024-11-22,6,679,-18541.784676,-3090.297446,170.92228899999998,0.5897921434328086,1646713.62,9672.554860187398,327,352,0.9289772727272727,94,Extreme Greed,Greed
2024-11-23,4,363,2746.9097710000005,686.7274427500001,720.5576455,0.9034965034965036,516245.68,3023.790125983673,150,213,0.704225352112676,93,Extreme Greed,Greed
2024-11-24,3,172,742.96726,247.65575333333334,289.205633,0.8000000000000002,664952.28,5946.092659639876,103,69,1.4927536231884058,80,Extreme Greed,Greed
2024-11-25,2,255,5239.961033,2619.9805165,2619.9805165,0.841726618705036,937410.87,14569.320666666665,126,129,0.9767441860465116,82,Extreme Greed,Greed
2024-11-26,4,302,783.5108809999999,195.87772024999998,-65.5762985,0.8275862068965517,1146902.44,9648.129658441172,197,105,1.8761904761904762,79,Extreme Greed,Greed
2024-11-27,2,213,-3094.210169,-1547.1050845,-1547.1050845,0.3978494623655914,1444242.5299999998,14833.960215169445,72,141,0.5106382978723404,75,Extreme Greed,Greed
2024-11-28,5,332,-127390.981594,-25478.1963188,98.24686100000001,0.6695652173913044,1894225.15,9453.088323944856,207,125,1.656,77,Extreme Greed,Greed
2024-11-29,11,393,176652.54241643,16059.322037857271,573.530225,0.9781031031031031,794262.91,5402.243544435339,148,245,0.6040816326530613,78,Extreme Greed,Greed
2024-11-30,8,373,36764.3181805,4595.5397725625,411.9866345,0.9737274220032841,1732193.7,10207.418917797853,103,270,0.3814814814814815,84,Extreme Greed,Greed
2024-12-01,9,416,40640.98074262,4515.6645269577775,157.77377499999997,0.9830246913580246,814711.82,2866.272599895286,144,272,0.5294117647058824,81,Extreme Greed,Greed
2024-12-02,8,270,18341.71649941,2292.71456242625,124.742711,0.9933333333333334,585243.5599999999,8832.58634688174,156,114,1.368421052631579,80,Extreme Greed,Greed
2024-12-03,8,374,23245.96619329,2905.74577416125,57.610889485,0.7564102564102564,1084666.53,5405.150301684633,170,204,0.8333333333333334,76,Extreme Greed,Greed
2024-12-04,7,319,292719.20860335,41817.029800478565,889.13652186,0.8139344262295082,769287.6499999999,4484.177672727795,96,223,0.4304932735426009,78,Extreme Greed,Greed
2024-12-05,8,456,71221.35276477,8902.66909559625,1634.829209,0.9830508474576272,1256750.79,13046.811003940313,192,264,0.7272727272727273,84,Extreme Greed,Greed
2024-12-06,10,403,-93316.63768087003,-9331.663768087003,-0.659505075,0.6403508771929824,3471019.2199999997,8237.81391307546,205,198,1.0353535353535352,72,Greed,Greed
2024-12-07,6,304,85797.82702910001,14299.637838183335,2896.6400855,0.9702702702702701,451733.42000000004,11563.67899420261,110,194,0.5670103092783505,75,Extreme Greed,Greed
2024-12-08,6,420,15731.75455254,2621.95909209,100.500642175,0.7314814814814815,932939.72,2838.3133225141632,82,338,0.24260355029585798,79,Extreme Greed,Greed
2024-12-09,10,539,6136.194239570001,613.6194239570001,153.00124866000002,0.9733967582804791,983949.6799999999,3060.8932197104878,455,84,5.416666666666667,78,Extreme Greed,Greed
2024-12-10,11,1596,38872.22954565,3533.8390496045454,974.74134946,0.9429807183598441,3150424.08,5948.051532910199,530,1066,0.4971857410881801,78,Extreme Greed,Greed
2024-12-11,12,1221,318638.04498694,26553.170415578334,1336.4119905500002,0.956198347107438,2194098.33,7368.288532970436,171,1050,0.16285714285714287,74,Greed,Greed
2024-12-12,14,1932,598452.8295564901,42746.63068260643,457.49138474999995,0.8811516656116302,4557189.87,3209.814763123498,421,1511,0.2786234281932495,83,Extreme Greed,Greed
2024-12-13,11,1173,31482.67436864,2862.0613062400002,1516.0350008799999,0.9684011988424969,2880824.6399999997,3625.6732597373643,676,497,1.3601609657947686,76,Extreme Greed,Greed
2024-12-14,12,1235,167569.30779897,13964.108983247499,1227.432003805,0.8823687696638517,2369561.78,5214.021001441984,595,640,0.9296875,83,Extreme Greed,Greed
2024-12-15,15,1697,97293.98470862,6486.265647241334,346.70813419,0.975011936022917,2583269.81,2367.557944131799,1131,566,1.9982332155477032,80,Extreme Greed,Greed
2024-12-16,13,1055,166372.194077,12797.861082846153,754.053381,0.9256588319088319,2740808.9699999997,4065.39258788152,423,632,0.6693037974683544,83,Extreme Greed,Greed
2024-12-17,16,1941,218845.16478602,13677.82279912625,233.07229900000002,0.9810036807612892,5233597.63,3522.8249718550974,851,1090,0.7807339449541284,87,Extreme Greed,Greed
2024-12-18,13,1429,12991.546702790001,999.3497463684616,1592.3513008300001,0.7794266648267131,3798887.07,4072.8043530478485,715,714,1.0014005602240896,81,Extreme Greed,Greed
2024-12-19,13,3339,61687.771306919996,4745.2131774553845,1511.48587742,0.858392489584156,8241709.390000001,5489.724122717871,1201,2138,0.5617399438727783,75,Extreme Greed,Greed
2024-12-20,15,2488,253758.82173322,16917.254782214666,3478.571108,0.9726751779559266,7681274.710000001,5489.580022489652,1129,1359,0.8307579102281089,74,Greed,Greed
2024-12-21,8,1681,149341.77155987,18667.72144498375,4985.022993515,0.9838687628161312,4382875.12,3663.436151334103,596,1085,0.5493087557603686,73,Greed,Greed
2024-12-22,8,774,351864.10712847,43983.01339105875,1110.8005852649999,0.9285714285714285,3087320.2199999997,8996.773153166025,448,326,1.3742331288343559,73,Greed,Greed
2024-12-23,14,2347,-30631.523523570002,-2187.9659659692857,-0.07951394,0.8291758085941581,6771878.26,5161.807169060892,1036,1311,0.7902364607170099,70,Greed,Greed
2024-12-24,11,338,14426.997675770002,1311.5452432518184,3.0926600000000004,0.834530471174645,1767036.1099999999,6715.186773797546,118,220,0.5363636363636364,73,Greed,Greed
2024-12-25,6,208,690.1382647799999,115.02304412999997,4.9703870000000006,0.6458333333333334,347889.35,9930.050963564214,86,122,0.7049180327868853,73,Greed,Greed
2024-12-26,7,697,59705.28072352001,8529.325817645715,7484.873113,0.9643918517317772,2205242.65,4635.337185284678,373,324,1.1512345679012346,79,Extreme Greed,Greed
2024-12-27,7,260,2584.2553884000004,369.17934120000007,312.046058,0.9802631578947368,347913.0,3150.723705291842,137,123,1.113821138211382,74,Greed,Greed
2024-12-28,7,161,892.26513037,127.46644719571428,-0.177022,0.7533333333333333,281555.01,4634.626122562203,57,104,0.5480769230769231,72,Greed,Greed
2024-12-29,7,201,2811.9505699,401.7072242714286,113.83789401000001,1.0,344628.54,3785.2636908877257,69,132,0.5227272727272727,73,Greed,Greed
2024-12-30,9,304,8724.83181652,969.4257573911111,239.86851963,0.9920694459329118,1073865.73,4879.142460989977,183,121,1.512396694214876,65,Greed,Greed
2024-12-31,6,306,5178.49639887,863.082733145,382.793822305,0.8939393939393939,877164.62,4110.495754394867,141,165,0.8545454545454545,64,Greed,Greed
2025-01-01,6,96,-9559.669727210001,-1593.2782878683336,-0.05436138,0.9444444444444445,282582.1,12320.497507297552,68,28,2.4285714285714284,66,Greed,Greed
2025-01-02,9,361,8540.37939377,948.9310437522222,664.95233563,0.9906112799729822,774674.84,4763.888663564507,107,254,0.421259842519685,70,Greed,Greed
2025-01-03,9,508,5817.48895619,646.3876617988889,245.36388506,0.8889632107023411,771208.99,3009.5778170781678,169,339,0.49852507374631266,74,Greed,Greed
2025-01-04,9,371,2319.825997,257.7584441111111,27.552728000000002,0.9431372549019608,1826029.6199999999,2714.3341238838143,76,295,0.2576271186440678,73,Greed,Greed
2025-01-05,8,239,3048.37775203,381.04721900375,116.72745950000001,0.9560283687943262,451943.57,3207.351497509364,65,174,0.3735632183908046,72,Greed,Greed
2025-01-06,7,573,5889.25430475,841.3220435357143,264.90548500000006,0.8119868637110016,556526.99,3934.352963359291,148,425,0.34823529411764703,76,Extreme Greed,Greed
2025-01-07,6,637,15794.84107837,2632.473513061667,268.902750665,0.9529489622071189,1313178.1,3779.859241965134,562,75,7.493333333333333,78,Extreme Greed,Greed
2025-01-08,11,1039,129420.17764362,11765.470694874546,625.8448012299999,0.9322431139409716,3177275.18,6280.498384697002,745,294,2.5340136054421767,70,Greed,Greed
2025-01-09,7,522,46700.41512257,6671.487874652857,270.68252937,0.851975051975052,1020733.25,8438.364377613954,201,321,0.6261682242990654,69,Greed,Greed
2025-01-10,7,819,-12211.054727050003,-1744.4363895785718,388.771889,0.8737096667329225,6547449.680000001,5426.86538853398,366,453,0.8079470198675497,50,Neutral,Neutral
2025-01-11,7,283,1774.4325586500001,253.4903655214286,66.84120757000004,0.6972222222222223,1658098.71,3577.6869211277917,166,117,1.4188034188034189,69,Greed,Greed
2025-01-12,7,602,5130.1590503,732.8798643285714,180.03394400000002,0.945,2258459.17,5060.026376661434,81,521,0.15547024952015356,62,Greed,Greed
2025-01-13,11,408,8792.32922722,799.30265702,43.14519263,0.9160493827160493,2936648.01,4522.061261603913,240,168,1.4285714285714286,61,Greed,Greed
2025-01-14,9,275,15828.921305520002,1758.769033946667,882.904978,0.9496220710506424,876581.9700000001,2927.4154757610545,92,183,0.5027322404371585,63,Greed,Greed
2025-01-15,11,267,14305.979305179999,1300.5435731981818,65.29648715999998,0.8797619047619047,1801599.8900000001,7998.19254232978,93,174,0.5344827586206896,70,Greed,Greed
2025-01-16,9,371,19917.140160040002,2213.015573337778,234.708744,0.8795055821371611,3049692.96,8509.599524995581,114,257,0.44357976653696496,75,Extreme Greed,Greed
2025-01-17,8,238,6655.00095911,831.87511988875,328.6003875,0.996031746031746,1110230.46,5443.979137422176,95,143,0.6643356643356644,75,Extreme Greed,Greed
2025-01-18,12,651,-372.701119460002,-31.058426621666836,150.607428855,0.6671412173240698,2711629.8800000004,4970.081051477259,353,298,1.1845637583892616,77,Extreme Greed,Greed
2025-01-19,15,1567,85761.44366229,5717.429577485999,508.38168505999994,0.7278374403374404,9715215.299999999,5288.016611712736,841,726,1.1584022038567494,77,Extreme Greed,Greed
2025-01-20,15,1315,85069.57935334,5671.305290222666,597.58886641,0.6821949440933398,8287327.010000001,5344.767664705233,755,560,1.3482142857142858,76,Extreme Greed,Greed
2025-01-21,8,530,10679.5351557,1334.9418944625,876.57693785,0.9767338092809791,1523729.82,2303.443877025377,145,385,0.37662337662337664,76,Extreme Greed,Greed
2025-01-22,10,832,20053.23791724,2005.3237917239999,544.230630025,0.776518472495484,1778406.43,2691.065333453725,297,535,0.5551401869158878,84,Extreme Greed,Greed
2025-01-23,12,1218,100167.89229032,8347.324357526666,321.019244865,0.813579805854964,3697028.6599999997,3350.8748692138374,561,657,0.8538812785388128,75,Extreme Greed,Greed
2025-01-24,11,874,10264.1361369,933.1032851727273,340.76273308000003,0.9498138957816378,1611433.45,2249.111895612021,358,516,0.6937984496124031,75,Extreme Greed,Greed
2025-01-25,11,506,-10666.950018060003,-969.7227289145457,113.69759613999999,0.8807954216169226,1239377.7,4109.6643393200275,315,191,1.649214659685864,75,Extreme Greed,Greed
2025-01-26,7,451,40441.20851377,5777.315501967142,417.061684,0.9473563218390805,1201173.66,1853.962700167028,176,275,0.64,73,Greed,Greed
2025-01-27,15,773,40925.50622457,2728.3670816380004,-0.23187297,0.8296040179157061,1508028.3099999998,4389.545270927292,510,263,1.9391634980988592,71,Greed,Greed
2025-01-28,8,498,17854.903688370003,2231.8629610462503,1062.435385015,0.9476771196283392,579412.17,1147.0000053604547,157,341,0.4604105571847507,72,Greed,Greed
2025-01-29,9,910,22808.49032491,2534.276702767778,38.026646,0.9902097902097902,1897513.4100000001,1005.6093196411288,438,472,0.9279661016949152,72,Greed,Greed
2025-01-30,11,1067,22222.82026927,2020.2563881154545,1222.1378380800002,0.9345602186395519,3014397.17,3224.805693103684,267,800,0.33375,70,Greed,Greed
2025-01-31,11,1016,35197.358721489996,3199.759883771818,732.536036,0.9652602974828375,2783411.48,2824.508739322569,323,693,0.4660894660894661,76,Extreme Greed,Greed
2025-02-01,12,634,32014.72763511,2667.8939695925,721.4215633250001,0.9153759394812399,1363746.44,3595.958238474312,352,282,1.24822695035461,68,Greed,Greed
2025-02-02,13,1319,161670.63753379,12436.202887214615,-2.973523,0.8203566501409115,5661092.29,17923.397663095668,833,486,1.713991769547325,60,Greed,Greed
2025-02-03,12,2380,345879.76064494,28823.313387078335,4046.740472515,0.9186595327664384,22592901.37,4056.9656833075333,1091,1289,0.8463925523661753,44,Fear,Fear
2025-02-04,13,2512,413023.10955606,31771.00842738923,1279.82556202,0.9021355916516158,15678409.27,14786.355519471777,1143,1369,0.8349159970781592,72,Greed,Greed
2025-02-05,11,1297,55370.485945329994,5033.6805404845445,550.373241,0.9127954294337997,8743231.51,5490.269563032364,689,608,1.1332236842105263,54,Neutral,Neutral
2025-02-06,11,1703,33094.66937438999,3008.606306762726,350.62895299999997,0.7992080944580945,2818508.87,5891.5923189193645,1163,540,2.153703703703704,49,Neutral,Neutral
2025-02-07,13,1524,21711.91285266,1670.1471425123077,923.4987531099999,0.8662309368191721,3460263.54,6431.565776060554,957,567,1.687830687830688,44,Fear,Fear
2025-02-08,10,575,476.72696682,47.672696681999994,-0.839992365,0.8153846153846154,839734.97,4740.429545620675,451,124,3.6370967741935485,44,Fear,Fear
2025-02-09,12,764,150124.46766704,12510.372305586667,340.0346435,0.9786926406926406,2920919.6999999997,9643.159723932622,428,336,1.2738095238095237,46,Neutral,Neutral
2025-02-10,14,889,63417.1323079,4529.79516485,76.18017300000001,0.9321153846153847,3624958.44,4320.176248680822,360,529,0.6805293005671077,43,Fear,Fear
2025-02-11,12,848,-6570.21494485,-547.5179120708334,182.68037546,0.8694158075601375,2797544.17,13816.15519414078,362,486,0.7448559670781894,47,Neutral,Neutral
2025-02-12,12,1031,18749.480000859996,1562.456666738333,250.693209,0.8835583126550869,4143974.54,3691.148467269913,406,625,0.6496,46,Neutral,Neutral
2025-02-13,11,1370,27006.04675398,2455.0951594527273,1179.902898,0.9,3199852.21,2905.6885112235864,593,777,0.7631917631917632,50,Neutral,Neutral
2025-02-14,15,1655,212899.09759225,14193.273172816667,24.47114268,0.8753628863826233,4007103.42,6645.321776617367,532,1123,0.47373107747105964,48,Neutral,Neutral
2025-02-15,12,932,44668.83969198,3722.403307665,337.887775775,0.918221444833139,1712852.95,3069.323432281983,573,359,1.5961002785515321,50,Neutral,Neutral
2025-02-16,10,681,2197.90641972,219.790641972,132.25228125999996,0.9069327358801044,806177.64,2424.9325589001537,345,336,1.0267857142857142,54,Neutral,Neutral
2025-02-17,9,941,1565.0865393599997,173.8985043733333,55.26187715,0.889576883384933,2031044.64,2573.8130790967175,623,318,1.9591194968553458,51,Neutral,Neutral
2025-02-18,11,1676,90595.13300008999,8235.921181826363,1496.088189,0.9628011614827217,3371128.6799999997,2439.3084291317186,1051,625,1.6816,47,Neutral,Neutral
2025-02-19,10,1361,14297.307251499999,1429.73072515,398.36713992,0.9352204907161804,3263930.2399999998,3044.0783364664103,864,497,1.738430583501006,44,Fear,Fear
2025-02-20,11,2012,44776.33007725,4070.5754615681817,765.63037383,0.9627002889414237,4628609.29,3200.49791331748,788,1224,0.6437908496732027,49,Neutral,Neutral
2025-02-21,14,1873,118863.77563623,8490.269688302144,2831.8503304999995,0.8844315639617654,3972159.88,3763.264561836691,744,1129,0.6589902568644819,55,Greed,Greed
2025-02-22,10,686,24398.539544029998,2439.853954403,614.1923655,0.8022282445046672,3175570.2,3210.9677316020297,360,326,1.1042944785276074,49,Neutral,Neutral
2025-02-23,12,520,10426.93153183,868.9109609858333,30.497326500000007,0.9053307803307804,1141310.74,2025.3314966073056,283,237,1.1940928270042195,50,Neutral,Neutral
2025-02-24,14,5616,36372.21180876,2598.015129197143,603.10275847,0.9109324236517219,11223619.59,5813.689754780299,3255,2361,1.3786531130876747,49,Neutral,Neutral
2025-02-25,18,6246,201575.56196969,11198.642331649444,488.685678,0.8518134776757088,19414984.360000003,11263.806788517837,4236,2010,2.1074626865671644,25,Fear,Fear
2025-02-26,13,1176,62474.89058233,4805.760814025385,104.99116099999999,0.8486189811393063,4946958.13,4297.2689537374545,387,789,0.49049429657794674,21,Extreme Fear,Fear
2025-02-27,9,890,-37037.31349031,-4115.257054478889,-0.874891,0.627931937708474,1999898.4300000002,2957.523272443834,406,484,0.8388429752066116,10,Extreme Fear,Fear
2025-02-28,13,1019,224749.71048404,17288.439268003076,993.4232880000001,0.8860990325951394,4123660.77,5018.168482276242,530,489,1.0838445807770962,16,Extreme Fear,Fear
2025-03-01,5,174,10559.04542261,2111.809084522,432.22663961,0.9166666666666666,263824.13,1323.900934627064,105,69,1.5217391304347827,20,Extreme Fear,Fear
2025-03-02,10,532,64982.62376599001,6498.262376599001,1748.54922529,0.8888888888888888,6460848.74,9435.08175443685,274,258,1.062015503875969,26,Fear,Fear
2025-03-03,14,1482,615372.46819058,43955.17629932715,470.1198925,0.9352078589500317,8244590.38,5891.48832305893,1069,413,2.5883777239709445,33,Fear,Fear
2025-03-04,16,2402,179855.23009972004,11240.951881232502,25.200983,0.8255511022044087,11124247.15,10268.296054067108,1748,654,2.672782874617737,15,Extreme Fear,Fear
2025-03-05,13,1660,267007.04440615,20539.003415857693,2273.4003070000003,0.9057471264367817,9193654.219999999,10155.367063343081,375,1285,0.2918287937743191,20,Extreme Fear,Fear
2025-03-06,12,760,14794.508397739999,1232.8756998116667,434.407480035,0.9074431574431574,6765324.96,5011.955424030711,371,389,0.9537275064267352,25,Fear,Fear
2025-03-07,14,2552,145319.56058013,10379.968612866429,205.112378,0.9609796372654889,19854275.48,4828.075424295091,1227,1325,0.9260377358490566,34,Fear,Fear
2025-03-08,13,529,24492.433586,1884.0333527692308,168.096364,0.8888888888888888,892083.51,2083.7557251163084,288,241,1.1950207468879668,28,Fear,Fear
2025-03-09,12,1422,17396.3934682,1449.6994556833333,383.65116641500003,1.0,10419697.989999998,5382.857975108619,947,475,1.9936842105263157,27,Fear,Fear
2025-03-10,14,2911,-13498.399741230005,-964.1714100878575,-47.949274585000005,0.6389658418504572,16811790.68,8714.744511508396,1570,1341,1.1707680835197614,20,Extreme Fear,Fear
2025-03-11,16,3286,-79321.80927804,-4957.6130798775,45.23516850000001,0.7133609424631097,14016952.09,5093.275406155301,2120,1166,1.8181818181818181,24,Extreme Fear,Fear
2025-03-12,13,3968,284447.57064303005,21880.582357156156,76.97739,0.7768361581920904,18618139.15,7019.802541892649,1647,2321,0.7096079276174063,34,Fear,Fear
2025-03-13,13,962,13305.68416583,1023.5141666023077,66.447417,0.7366405170512595,3285591.2199999997,7799.85515344057,468,494,0.9473684210526315,45,Neutral,Neutral
2025-03-14,10,2210,67452.67301408,6745.267301408001,472.41193050000004,0.9142156862745098,8047187.16,8139.539306224104,297,1913,0.15525352848928384,27,Fear,Fear
2025-03-15,8,261,78120.291684,9765.0364605,512.3322065,0.775977785655205,2355749.54,7708.6652601301475,154,107,1.439252336448598,46,Neutral,Neutral
2025-03-16,8,530,-10353.426547179999,-1294.1783183974999,44.6946755,0.7453224150701486,10187921.510000002,9594.985622600028,304,226,1.345132743362832,30,Fear,Fear
2025-03-17,11,920,25356.16650502,2305.106045910909,300.440641,0.7169421487603306,3592895.0500000003,7013.890160396814,483,437,1.105263157894737,32,Fear,Fear
2025-03-18,13,834,71464.852693,5497.296361,179.98367499999998,0.8598591549295774,4050655.47,11933.166052567834,341,493,0.691683569979716,34,Fear,Fear
2025-03-19,12,1612,28590.1922699816,2382.5160224984666,490.999351,0.837109296295806,4598813.57,3485.114570306017,563,1049,0.5367016205910391,32,Fear,Fear
2025-03-20,13,771,9917.62399,762.8941530769231,63.435724,0.7995588586186085,1652257.9300000002,9378.603769543417,238,533,0.44652908067542213,49,Neutral,Neutral
2025-03-21,9,698,6317.8096911699995,701.9788545744444,-0.2046119999999999,1.0,2543903.3899999997,11209.93959242558,346,352,0.9829545454545454,31,Fear,Fear
2025-03-22,8,535,12229.70045203,1528.71255650375,811.111281515,0.6973684210526316,971809.42,2249.545334283024,222,313,0.7092651757188498,32,Fear,Fear
2025-03-23,10,447,13450.20557097,1345.020557097,503.808214,1.0,2593519.67,10264.1454338322,290,157,1.8471337579617835,30,Fear,Fear
2025-03-24,13,1027,107347.85594963,8257.527380740768,788.74919,0.8463879586265136,3017587.05,9445.27067146553,213,814,0.2616707616707617,45,Neutral,Neutral
2025-03-25,13,791,30629.552794230003,2356.11944571,179.54008599999997,0.7732179645125405,5372519.77,20953.927919485017,422,369,1.1436314363143631,46,Neutral,Neutral
2025-03-26,17,3102,14005.36391091,823.8449359358824,371.80234707,0.8839508877852437,7597754.369999999,6709.081489236362,1574,1528,1.030104712041885,47,Neutral,Neutral
2025-03-27,11,785,58111.335101699995,5282.84864560909,815.70631,0.9629629629629629,3240279.46,6890.256290322387,474,311,1.5241157556270097,40,Fear,Fear
2025-03-28,11,728,20947.895939949998,1904.3541763590908,1128.5476079999999,0.8928571428571429,1483092.6099999999,3563.386841981878,533,195,2.7333333333333334,44,Fear,Fear
2025-03-29,10,1894,11259.028416379999,1125.902841638,15.544190500000001,0.8101851851851851,3668151.83,5035.971914387834,997,897,1.1114827201783724,26,Fear,Fear
2025-03-30,9,568,15036.043386730002,1670.6714874144445,265.22553600000003,0.8533231474407944,2850874.96,5426.9751390718,478,90,5.311111111111111,32,Fear,Fear
2025-03-31,12,495,6496.182925889999,541.3485771574999,393.43443099,0.8208860759493671,2164772.47,15312.561603613882,214,281,0.7615658362989324,34,Fear,Fear
2025-04-01,9,192,-2365.59823682,-262.84424853555555,139.544373,0.7830459770114943,704445.19,4558.46506548849,92,100,0.92,34,Fear,Fear
2025-04-02,11,1076,201031.5179001,18275.59253637273,259.35132899999996,0.9666666666666666,3867930.6,6590.505772871629,128,948,0.1350210970464135,44,Fear,Fear
2025-04-03,17,1748,-3703.080128700001,-217.82824286470594,-1.399017,0.7146681965959075,8670233.15,12263.471618694097,956,792,1.207070707070707,25,Fear,Fear
2025-04-04,14,1272,-26351.742359360993,-1882.267311382928,292.0415360195,0.8541396198763547,3835545.73,10168.60456674596,499,773,0.6455368693402329,28,Fear,Fear
2025-04-05,10,360,35625.277366,3562.5277366,355.440936,0.9650618022328549,1267564.22,7688.094999995332,138,222,0.6216216216216216,30,Fear,Fear
2025-04-06,14,1048,46435.013359366494,3316.7866685261783,87.6480635,0.9281954887218046,3551252.06,5966.8587118621535,678,370,1.8324324324324324,34,Fear,Fear
2025-04-07,18,2814,31760.8152035971,1764.4897335331723,354.8677128580499,0.6371507996620519,14460253.14,6197.750275653812,1415,1399,1.0114367405289493,23,Extreme Fear,Fear
2025-04-08,17,943,32624.417106939996,1919.0833592317645,173.952502,0.8441629128156215,8869391.4,10258.792198516065,430,513,0.8382066276803118,24,Extreme Fear,Fear
2025-04-09,20,3967,37009.17043880602,1850.458521940301,538.1126785,0.817342596382267,28556806.47,6536.070056357808,1764,2203,0.8007262823422605,18,Extreme Fear,Fear
2025-04-10,19,2127,151393.26576021803,7968.066618958844,72.60125812999999,0.8260911469978164,28741953.29,8895.66675243713,1137,990,1.1484848484848484,39,Fear,Fear
2025-04-11,16,1096,124232.0400029099,7764.5025001818685,58.6838623,0.8540367121507472,11319327.07,15647.31594196445,312,784,0.3979591836734694,25,Fear,Fear
2025-04-12,20,2109,398902.09815854294,19945.104907927147,102.7073805,0.8202429345722029,55914617.49,9145.882266314362,800,1309,0.6111535523300229,43,Fear,Fear
2025-04-13,17,1321,46127.6853007351,2713.393252984418,290.21025499999996,0.7582302558362749,14171154.790000001,6468.434674119618,739,582,1.2697594501718212,45,Neutral,Neutral
2025-04-14,14,890,43657.285344432996,3118.377524602357,246.32337891499998,0.8641330891330892,13079972.98,67612.96765413342,517,373,1.386058981233244,31,Fear,Fear
2025-04-15,14,1131,70490.80152261,5035.057251615,218.91224,0.9133333333333333,20752168.240000002,7147.794569692438,344,787,0.4371029224904701,38,Fear,Fear
2025-04-16,17,1608,52634.112351710006,3096.1242559829416,71.432843,0.8073539874557749,36502715.900000006,17693.459823967718,835,773,1.0802069857697283,29,Fear,Fear
2025-04-17,12,1031,4908.71114908,409.05926242333334,-0.298766,0.6935634328358209,2604551.51,17519.073498803646,341,690,0.49420289855072463,30,Fear,Fear
2025-04-18,12,1894,213.07681222999418,17.75640101916618,4.1746245,0.9443856635974862,24610650.46,7772.081700873313,755,1139,0.6628621597892889,33,Fear,Fear
2025-04-19,15,2786,65469.95116231,4364.663410820666,53.4246398,0.9222010716300056,32706462.71,5296.331807203404,999,1787,0.5590374930050364,32,Fear,Fear
2025-04-20,12,1982,23173.012327894205,1931.0843606578503,-10.7507925,0.7482773003668526,12126094.05,6589.530167509346,1079,903,1.194905869324474,37,Fear,Fear
2025-04-21,14,1718,28013.176843120003,2000.9412030800002,8.720401999999998,0.7888732472461125,42104054.84,7711.012841716643,604,1114,0.5421903052064632,39,Fear,Fear
2025-04-22,15,2998,52903.07782700001,3526.871855133334,0.0,0.7707202111613876,33753625.239999995,13301.268895901321,1420,1578,0.899873257287706,47,Neutral,Neutral
2025-04-23,19,6159,-426362.30657288,-22440.12139857263,50.484695,0.7239090621182164,30682443.79,7073.965365371731,4218,1941,2.1731066460587325,72,Greed,Greed
2025-04-24,15,2232,43337.895645064695,2889.193043004313,452.184479,0.7111111582344215,35088918.64,6751.605474563955,1223,1009,1.2120911793855302,63,Greed,Greed
2025-04-25,16,1653,13919.765951261801,869.9853719538626,0.06735050000000001,0.7768822243049047,27749455.779999997,9853.784985740125,681,972,0.7006172839506173,60,Greed,Greed
2025-04-26,12,1131,-6778.060695520001,-564.8383912933334,25.189799660000002,0.7004357298474946,11948127.77,6352.991784877824,604,527,1.146110056925996,65,Greed,Greed
2025-04-27,9,337,2646.1406953438,294.01563281597777,69.23537300000001,0.8005401234567902,487537.69,1053.841426187838,209,128,1.6328125,61,Greed,Greed
2025-04-28,8,1379,30899.562355469898,3862.445294433737,304.90509076495,0.6940905225291764,26124921.49,5690.62463900138,652,727,0.8968363136176066,54,Neutral,Neutral
2025-04-29,7,2243,120600.3181398469,17228.616877120985,112.1852,0.830317059483726,34089511.66,6694.939833922207,1105,1138,0.9710017574692443,60,Greed,Greed
2025-04-30,8,1113,11053.6134961245,1381.7016870155626,984.00009437225,0.9132653061224489,12693878.849999998,15281.108429267268,838,275,3.0472727272727274,56,Greed,Greed
2025-05-01,11,1230,51884.215619034214,4716.746874457655,1150.3179329999998,0.7427667110452411,10720240.52,5670.252370591543,686,544,1.2610294117647058,53,Neutral,Neutral
